veeridian,d3a4bdb5-2e90-3c2a-81f1-444b5a19f8dd
d_e_n_i_e_d,82912ba9-52d0-30dd-802a-25c0fb5c5c0d
xx_xx,3b1fb302-6f30-3707-9529-65bdd33b13e0
pptoucher__c3,67c835cf-bc3f-34cf-b645-7c707dfff833
deadhand,15c7d14b-c458-346c-88e2-a6870f9173b9
deevyeeish340,9be57aa8-17b5-33c6-abb0-1bdc5c52191e
ruki_the_tanuki,c7f440ad-bfd6-39d3-bc99-1252988731cf
koolkid48,d172d25d-b62a-3f23-965a-1284398c9dff
black_adam,72b80741-9d6f-3fe3-b29a-23564cd40e9d
lonely,898c26d3-294a-3d3c-9ff8-bb0a8f84d8b6
yeegeagl6991,15c2e909-8443-361e-addd-405cda40eef5
julian_gamer,00823c67-95b3-3b32-9b74-c422623e66c3
labadabodan0,5ca5d991-c73e-3db4-a55d-c4591d6441c3
neon,68e79ab5-69dd-350b-a1d3-73b2f9b89fb1
_boos_zombie,c936e0a2-f2d1-38ce-bb23-40d2ab211a94
grumm,5b3217a8-101c-353a-9493-eaac325d3736
josh,b9136bab-90f4-3afe-a07c-3520a95b8f6b
giga_nigga,73609193-dccd-361e-84a2-209bee88dbd1
lonley,6cf2e89b-420b-359c-a3da-dca707642618
unsharkablegamin,bc19081d-30d7-3e42-b957-1daf1143f43d
yiggyee455,56573f0b-6e5d-315a-8ba7-b9439f427440
corruptagoti,0117c259-41fe-3676-9887-15adb45fa006
danny_the_dogboy,8d3d6286-1778-353d-8c16-4192769e84b9
herobrine,25966168-dc9c-360c-8f32-ed022bfa1070
dethruner,c118fef3-2a00-3f62-baca-824242fd11d6
big_black_jamal,62a65b41-6854-3232-a5ff-a8a84d03c6cd
king_,f014ef30-9769-3a90-bdad-cfd5e30fc92f
